[
{			
		 "id": "001", 
		"imgurl":"img/rs1-1.jpg",
		"name":"360家庭防火墙路由器 5",
		"qty":1,
		"price":9911
		
	},{
		 "id": "002", 		
		"imgurl":"img/rs1-1.jpg",
		"name":"360家庭防火墙路由器 5",
		"qty":1,
		"price":9932
		
	},{
		 "id": "003", 
		"imgurl":"img/rs1-1.jpg",
		"name":"360家庭防火墙路由器 5",
		"qty":1,
		"price":994
		
	},{
		 "id": "004", 
		"imgurl":"img/rs1-1.jpg",
		"name":"360家庭防火墙路由器 5",
		"qty":1,
		"price":995
		
	}
	]