[
    {			
             "id": "001", 
            "imgurl":"img/rs22.jpg",
            "name":"360电话手表 X1 Pro 白色 5",
            
            "price":1999
            
        }, {			
                     "id": "002", 
                     "imgurl":"img/rs22.jpg",
                     "name":"360儿童手表7X 蓝色",
                    
                    "price":99
                    
                },
                    {			
                             "id": "003", 
                             "imgurl":"img/rs23.jpg",
                             "name":"360儿童手表SE3 天空蓝5",
                            
                            "price":99
                            
                        },
                            {			
                                     "id": "004", 
                                     "imgurl":"img/rs24.png",
                                     "name":"360电话手表 X1 Pro 白色 5",
                                    
                                    "price":99
                                    
                                }]