[
    {			
             "id": "001", 
            "imgurl":"img/rs33.png",
            "name":"360电话手表 X1 Pro 白色 5",
            
            "price":19994
            
        }, {			
                     "id": "002", 
                     "imgurl":"img/rs34.jpg",
                     "name":"360电话手表 X1 Pro 白色 5",
                    
                    "price":99
                    
                },
                    {			
                             "id": "003", 
                             "imgurl":"img/rs35.png",
                             "name":"360电话手表 X1 Pro 白色 5",
                            
                            "price":99
                            
                        },
                            {			
                                     "id": "004", 
                                     "imgurl":"img/rs36.jpg",
                                     "name":"360电话手表 X1 Pro 白色 5",
                                    
                                    "price":99
                                    
                                }]